88.831,tecoioizogssikjdyhzv
90.649,yqyptytaomjszpgyghvy
7.214,ymqfyrrfiavwcvbtihkn
70.67,beepqksimbwuogcteedv
74.343,gyizrwespoyteolxjwpi
72.68,vhnuybmhvdpaunrxitdk
0.87,juasedbtgkmsmxyxjjhe
8.535,bvbwswxaekszefwriqqs
82.301,fwkimhkxqinhmtkgqrns
27.42,zqqqjvovemzbpapfcjut
87.163,fpgmiocrlokokydgqtpl
41.522,xsmsrvmgliepffsaukms
39.605,rwgcsvazngsyulnjpckt
6.374,ghbezwryonrrztlgezlo
30.788,idggpctoppuhxbprxbam
12.167,lrrnyaptrgglwxzceskp
2.369,wxetwpszjytidxjvgywn
88.233,zyzcshfngqfwwsebyiyu
1.028,grgtzrmufazgqcaawnpp
9.024,phnfjgenobapympkswcf
85.438,wkeuddapfaiyobizqmmk
32.262,vvdxojbxrgwjnoottwxk
75.859,vjyfzmjxnadqbedfubbq
77.939,mpfmrhklvdlkqnevlwuc
34.76,ohbljmqrhaabdtkrxecu
32.813,pwruzofqbykybxeuoflj
14.882,ocuptahmjedrlookevdd
49.795,wggetxviuvaxsdhnuzgm
87.534,bbtkrjzmtqhcoljjphdx
6.817,edsiarjvmqmocvnoxgjg
65.522,qsqlaxlgjfwyypeyzbbr
99.825,suyusrnvvucofrbzvhpw
98.587,qgnwgpjojdbjmdkzzrru
52.028,zfhgdcypkfqhpfrgsujv
77.361,mpiiknmuwoccgdjqirzx
10.67,zcfudybgbssvdjhqqzus
42.792,yussyhfbyddeyluwzkwe
67.561,zxkqiyvwnhgmoetfundt
11.553,ooquobzuxgsisaplfdon
3.077,znphnrjlymzjcerobqpn
82.753,osnbkrfomfkpurggrdaz
15.704,bvnvbiaigdxaavcycjpn
16.606,mjbdwyhwnfyyrptsdvup
10.84,orepccdbpqlzemeafala
39.116,ivkvnhqnumrluwbxhpqy
5.831,nhatgitdgvqivunadnlk
56.279,uegydeickderroglhzja
99.439,yhtijsvqlgyewxqsnazs
84.609,cmsrzjqphzcwoluxcbif
82.266,zpaebxxnkgbmiwmccolx
67.544,zlzqplbjwzrkfdlcgrfj
55.936,qtesnjcebqcvtpdnmfhn
82.839,dnkzhtosakglbzqnihoo
50.981,ilgtfuxtvgsmvrwyepwk
8.165,tmxmudfqogytsebuwbjl
35.289,jlwzxfjrterdnjfdkmxe
3.346,hlqznwxxewikbjkfoeij
66.605,jtksupopkichevfsmftx
19.449,skrrlqmesbxjvcntdjtn
49.029,sqklhyctuoxesmapqoqs
27.651,zgihtqhkbgqdmojxviag
59.538,kxjajqfxrfaurezygatq
24.008,gwgbnyzhhfknddfjqgih
55.562,olsmsjvyubpxgbpffmjc
18.747,tnvgdakcwwqnpxapwevx
88.92,waivcrawjejvwnqqxpwr
57.735,ybmwzrkcukviiznlftsj
29.209,rnradlgpyzjoxthbixej
6.263,wbswlywojszfcczbfvzq
12.621,tavwoblrwdmkavtkahpg
61.575,ohjjfjqwgqlcpybpmxkr
33.449,psyziaedxqurskbniwqs
90.94,wxmfbwvxphtujasbgofg
41.209,poslxsmsxsrastydenne
29.873,fkkaoychwlpaqvyjpual
77.682,jhedbsckihvpdxlevikg
82.211,kgmjhxsomlpiiwjrjsew
10.792,fpvuszcgxsjnzvpqavnd
13.801,ueoszkrpkmouhbwxfsga
76.242,edpupghkzpobesticcak
88.445,zxyzypjprvnqptjuokxc
54.66,kzikfohwxtajzlvkyxqh
79.026,fjepmtsamcvzpteumofw
70.259,nbhqnksgygblzsbcarqk
62.655,ejlwrbmysnvxqvedwakp
20.946,emsidolotcvmdxoptlvh
36.58,stcmxravbefyufgnhftp
28.035,munuqcfehmyqrsgjkllh
76.065,gnquuadxsukmdzbabutb
9.212,yflezwngdpqbbzcfawzo
21.429,gcvpbxrbwgozqnawvpva
50.044,traufjrnpweowwrlzxdx
76.18,tlthyrrqgcjbpskgucmg
86.425,hroimcsbmrorkyiujtqs
90.9,wdwpmsgzbtzevcjgkbyi
60.145,jitgmvnmjdpmkyuqcfxy
82.454,eapyjipqnhuutsxljwfh
22.443,maaaqrtmlapkfmxarpzo
45.866,jbvruitxvdieocfatkvm
7.994,iccgvcvxjgcefdxgxrrh
