vzvmsvsibltxsqwnkzqf,81.385
ztulrlgebliqydyccdde,88.59
sxanqmyhkhimkusblxku,62.46
hhgeupuwwtgyjpryaryp,43.497
suwrjuljohpykxsbbehf,57.783
uhrrefkvvttqngrksuap,40.34
pvyueauqqmseroqnlzqz,59.594
uvklwnpdatqztaddpgoh,65.476
aggyxxlflotsrmhhndui,53.891
vodzxwbrvgeykvgbhffo,46.707
iwalxtyapoaapbqtursd,8.809
jtwoubqmtdlboumpgvhy,53.415
bxgerpxwmmptzcqhevlz,62.507
pzeaxzchvildbnhxvipr,5.248
rmnbgreadmncigtjubbz,47.94
jlepzacinfxjwugarouo,43.764
ztipqvtqdhtzujuleikm,9.345
nglehlltywboukltcvby,20.572
kfnnkqfzfyiejedmgkhk,90.471
taibgcdqtvytijdzqvtp,35.258
jrzwedhrsfxmdeqjzqtc,29.152
eufowmavoqyammbxsikj,20.206
lbqstmygvahthzplxbwn,9.587
lqziguneostqeswqxdaq,47.813
qmxrwboxlqjohhqkplzw,33.837
uluhpxrppgetadmzdexr,33.701
tsncsvcltitdkpoxjxbv,42.225
bwaqfrzytwfrrtbuqbcc,50.709
eyvgdltcnyvkgkdnctsl,17.198
rlnudshtcxryiisworxc,61.332
scvweautrrlvftpkhooh,5.105
qbtvaevjhehetckwpvee,37.295
njclvclrwzcwminlcfaj,86.052
xvzckybteyjegvhroogw,98.922
qafffesyttoftbrgcrga,32.437
ufyqpcvlxepzkbrurnto,26.255
eloomemlaeftlfeckyin,38.887
avizozskfakoezdhifqj,96.872
ltzmgsabmwiyntdpivun,12.722
omulaywgxxoxfrixkcse,26.675
qsyemcrpwuiqasymbgjs,92.273
uejqifnlxxtqvoaqsowi,91.327
jrytjtndmabfgdscwuhy,70.563
vvudttlvrqkkmxkjhsus,34.332
mynzfuylskrfamoyeqas,80.927
rbxgzlkjsiyjgmagqwzo,98.993
ztwmfadyladkfrojctmx,41.701
njtzhshndhldimapkggt,20.862
gyxvgmqcuzbcnbgjrppf,76.661
bzfbnaacjljgeebysyxt,98.38
xxtnnyprljlptgokkrlb,82.107
sthqrjkiooukbakdoxdj,77.595
zirijdxjkogeojdobrxq,56.449
gbtgnqikjqfvjzamleqq,92.36
fbxivuelezlgqoghsdvf,66.495
fdyupnmabxturfwxwtyx,82.845
sxbpdmprmdtgihiuuqkk,90.694
sjqgwvfkaumlldspqfrd,33.32
yhsymywucxpujrhgcwze,1.021
wzwabpsqiaoydvfuwzgy,38.99
pazebaraztgnlobvutfi,15.684
bzjmhfzprybitqjfrsds,48.806
zxtbabgqldacjcpzjxje,5.806
lfudcodgjavputsdatru,3.62
gugkecrxqaajkslhppnn,57.087
usbewtovbedcdrydkfrj,51.932
ymhwyqozdchqxrlavmbz,41.898
cagjrxdbbditjyxidvth,11.231
xrvegksnaonfpeibtoxh,89.688
olbjbukpfbkjrqmzvllp,74.493
lghwiyynhpkbffjrqjmy,93.143
vdvkrwrydvwrtvoxggsu,86.772
ezxfhrcwozmimlgdoyyy,78.198
ekwisihxylolwalldxjt,43.491
vxvkqpchgbwyujnqglye,29.901
xcbmcmmphmxcebawendu,55.807
eubvwimfqtzwxcfaense,93.95
omjoobzopzeamyxlhkxy,62.389
imvlbtxqdhdztmoruulb,68.672
lsospuyiznsbfkewfhaw,78.757
phcjjyabknucrdgxyvac,34.305
nheeyuquvreavsgqbrok,59.729
mbxrwvuvpddugwlltmsf,71.986
vgapifcowwskihkolecm,39.051
xwihmizgsiukiprytfgo,9.961
mxfgbkwtxkszdmuoepub,12.505
rcpbzitdpcsyrhcuqecb,4.622
traetllldbxawvwtvoxh,59.882
ccsngkmugdqxedbvamfz,60.679
smwqnugdsdelwhefyqnq,93.284
sxnmhgjopfqplrcqqkks,17.02
vfgwhcdddhfvwmgusprx,11.473
lxtkjjtrhwghptnbuttk,4.677
foavvctbynmamxitnnar,54.808
epmlsmwznlncbgwrgssb,25.907
vsgpdvakuamoniqnnwnw,60.015
vaojwmspwervkbqnwtzx,12.696
vgqipdtuatsgowxmwyxq,14.327
emvzwcvcitukesawmkov,26.697
gfnyodfgmukufoyivzkw,71.675
